{
  "best_model": "Passive Aggressive",
  "selection_metric": "validation_f1",
  "models": [
    {
      "Model": "Naive Bayes",
      "Val Acc": 0.9536869340232859,
      "Val F1": 0.9488717509283062,
      "Test Acc": 0.9554980595084088,
      "Precision": 0.9484183528070675,
      "Recall": 0.9533085075909482,
      "F1": 0.9508571428571428,
      "ROC-AUC": 0.9903881845197732
    },
    {
      "Model": "Passive Aggressive",
      "Val Acc": 0.9940491591203104,
      "Val F1": 0.9933927032461937,
      "Test Acc": 0.9946959896507115,
      "Precision": 0.9951205510907003,
      "Recall": 0.9931251790317961,
      "F1": 0.9941218637992831,
      "ROC-AUC": 0.9996859784831402
    },
    {
      "Model": "Logistic Regression",
      "Val Acc": 0.9865459249676585,
      "Val F1": 0.9849884526558892,
      "Test Acc": 0.9870633893919794,
      "Precision": 0.992734670154025,
      "Recall": 0.9785161844743626,
      "F1": 0.9855741488747836,
      "ROC-AUC": 0.9990632738827825
    }
  ]
}